{
	"credit": "Made with Blockbench",
	"textures": {
		"0": "item/bow_pulling_0",
		"1": "item/bow/arrow",
		"particle": "item/bow_pulling_0"
	},
	"elements": [
		{
			"from": [7.5, 0, 8],
			"to": [8.5, 1, 10],
			"rotation": {"angle": -45, "axis": "x", "origin": [0, 0, 8]},
			"faces": {
				"north": {"uv": [1, 15, 2, 16], "texture": "#0"},
				"east": {"uv": [2, 15, 0, 16], "texture": "#0"},
				"south": {"uv": [1, 15, 2, 16], "texture": "#0"},
				"west": {"uv": [0, 15, 2, 16], "texture": "#0"},
				"up": {"uv": [0, 15, 2, 16], "texture": "#0"},
				"down": {"uv": [0, 15, 2, 16], "rotation": 270, "texture": "#0"}
			}
		},
		{
			"from": [7.5, 1, 8],
			"to": [8.5, 5, 11],
			"rotation": {"angle": -45, "axis": "x", "origin": [0, 0, 8]},
			"faces": {
				"north": {"uv": [0, 11, 1, 15], "texture": "#0"},
				"east": {"uv": [3, 11, 0, 15], "texture": "#0"},
				"south": {"uv": [2, 11, 3, 15], "texture": "#0"},
				"west": {"uv": [0, 11, 3, 15], "texture": "#0"},
				"up": {"uv": [0, 11, 1, 12], "rotation": 90, "texture": "#0"},
				"down": {"uv": [0, 14, 3, 15], "rotation": 270, "texture": "#0"}
			}
		},
		{
			"from": [7.5, 5, 9],
			"to": [8.5, 8, 12],
			"rotation": {"angle": -45, "axis": "x", "origin": [0, 0, 8]},
			"faces": {
				"north": {"uv": [1, 8, 2, 11], "texture": "#0"},
				"east": {"uv": [4, 8, 1, 11], "texture": "#0"},
				"south": {"uv": [3, 8, 4, 11], "texture": "#0"},
				"west": {"uv": [1, 8, 4, 11], "texture": "#0"},
				"up": {"uv": [1, 8, 2, 9], "rotation": 90, "texture": "#0"},
				"down": {"uv": [1, 10, 4, 11], "rotation": 270, "texture": "#0"}
			}
		},
		{
			"from": [7.5, 13, 19],
			"to": [8.5, 16, 23],
			"rotation": {"angle": -45, "axis": "x", "origin": [0, 0, 8]},
			"faces": {
				"north": {"uv": [11, 0, 12, 1], "texture": "#0"},
				"east": {"uv": [15, 0, 11, 3], "texture": "#0"},
				"south": {"uv": [15, 2, 14, 3], "texture": "#0"},
				"west": {"uv": [11, 0, 15, 3], "texture": "#0"},
				"up": {"uv": [11, 0, 15, 1], "rotation": 90, "texture": "#0"},
				"down": {"uv": [11, 2, 12, 3], "rotation": 270, "texture": "#0"}
			}
		},
		{
			"from": [7.5, 12, 16],
			"to": [8.5, 15, 19],
			"rotation": {"angle": -45, "axis": "x", "origin": [0, 0, 8]},
			"faces": {
				"north": {"uv": [8, 1, 9, 2], "texture": "#0"},
				"east": {"uv": [11, 1, 8, 4], "texture": "#0"},
				"south": {"uv": [11, 3, 10, 4], "texture": "#0"},
				"west": {"uv": [8, 1, 11, 4], "texture": "#0"},
				"up": {"uv": [8, 1, 11, 2], "rotation": 90, "texture": "#0"},
				"down": {"uv": [8, 3, 9, 4], "rotation": 270, "texture": "#0"}
			}
		},
		{
			"from": [7.5, 11, 14],
			"to": [8.5, 14, 16],
			"rotation": {"angle": -45, "axis": "x", "origin": [0, 0, 8]},
			"faces": {
				"north": {"uv": [6, 2, 7, 3], "texture": "#0"},
				"east": {"uv": [8, 2, 6, 5], "texture": "#0"},
				"south": {"uv": [7, 4, 8, 5], "texture": "#0"},
				"west": {"uv": [6, 2, 8, 5], "texture": "#0"},
				"up": {"uv": [6, 2, 8, 3], "rotation": 90, "texture": "#0"},
				"down": {"uv": [7, 4, 8, 5], "rotation": 270, "texture": "#0"}
			}
		},
		{
			"from": [7.5, 8, 10],
			"to": [8.5, 10, 13],
			"rotation": {"angle": -45, "axis": "x", "origin": [0, 0, 8]},
			"faces": {
				"north": {"uv": [2, 6, 3, 7], "texture": "#0"},
				"east": {"uv": [5, 6, 2, 8], "texture": "#0"},
				"south": {"uv": [4, 6, 5, 8], "texture": "#0"},
				"west": {"uv": [2, 6, 5, 8], "texture": "#0"},
				"up": {"uv": [2, 6, 3, 7], "rotation": 90, "texture": "#0"},
				"down": {"uv": [4, 7, 5, 8], "rotation": 270, "texture": "#0"}
			}
		},
		{
			"from": [7.5, 9, 12],
			"to": [8.5, 12, 14],
			"rotation": {"angle": -45, "axis": "x", "origin": [0, 0, 8]},
			"faces": {
				"north": {"uv": [4, 4, 5, 5], "texture": "#0"},
				"east": {"uv": [6, 4, 4, 7], "texture": "#0"},
				"south": {"uv": [5, 6, 6, 7], "texture": "#0"},
				"west": {"uv": [4, 4, 6, 7], "texture": "#0"},
				"up": {"uv": [4, 4, 5, 5], "rotation": 90, "texture": "#0"},
				"down": {"uv": [5, 6, 6, 7], "rotation": 270, "texture": "#0"}
			}
		},
		{
			"from": [7.5, 10, 13],
			"to": [8.5, 13, 15],
			"rotation": {"angle": -45, "axis": "x", "origin": [0, 0, 8]},
			"faces": {
				"north": {"uv": [5, 3, 6, 4], "texture": "#0"},
				"east": {"uv": [7, 3, 5, 6], "texture": "#0"},
				"south": {"uv": [6, 5, 7, 6], "texture": "#0"},
				"west": {"uv": [5, 3, 7, 6], "texture": "#0"},
				"up": {"uv": [5, 3, 6, 4], "rotation": 90, "texture": "#0"},
				"down": {"uv": [6, 5, 7, 6], "rotation": 270, "texture": "#0"}
			}
		},
		{
			"from": [7.5, 8, 11],
			"to": [8.5, 11, 13],
			"rotation": {"angle": -45, "axis": "x", "origin": [0, 0, 8]},
			"faces": {
				"north": {"uv": [3, 5, 4, 6], "texture": "#0"},
				"east": {"uv": [5, 5, 3, 8], "texture": "#0"},
				"south": {"uv": [4, 7, 5, 8], "texture": "#0"},
				"west": {"uv": [3, 5, 5, 8], "texture": "#0"},
				"up": {"uv": [3, 5, 4, 6], "rotation": 90, "texture": "#0"},
				"down": {"uv": [3, 7, 5, 8], "rotation": 270, "texture": "#0"}
			}
		},
		{
			"from": [7.5, 14, 23],
			"to": [8.5, 16, 24],
			"rotation": {"angle": -45, "axis": "x", "origin": [0, 0, 8]},
			"faces": {
				"north": {"uv": [15, 0, 16, 2], "texture": "#0"},
				"east": {"uv": [16, 0, 15, 2], "texture": "#0"},
				"south": {"uv": [15, 1, 16, 2], "texture": "#0"},
				"west": {"uv": [15, 0, 16, 2], "texture": "#0"},
				"up": {"uv": [15, 1, 16, 2], "rotation": 90, "texture": "#0"},
				"down": {"uv": [15, 1, 16, 2], "rotation": 270, "texture": "#0"}
			}
		},
		{
			"from": [8, 0, 8],
			"to": [8, 16, 24],
			"rotation": {"angle": -45, "axis": "x", "origin": [0, 0, 8]},
			"faces": {
				"north": {"uv": [0, 10, 1, 15], "texture": "#0"},
				"east": {"uv": [16, 0, 0, 16], "texture": "#0"},
				"south": {"uv": [2, 10, 3, 15], "texture": "#0"},
				"west": {"uv": [0, 0, 16, 16], "texture": "#0"},
				"up": {"uv": [0, 10, 3, 11], "rotation": 90, "texture": "#0"},
				"down": {"uv": [0, 14, 3, 15], "texture": "#0"}
			}
		},
		{
			"name": "arrow",
			"from": [7.5, 9.05, -4],
			"to": [7.5, 14.05, 12],
			"rotation": {"angle": 45, "axis": "z", "origin": [7.75, 11.3, 6.75]},
			"faces": {
				"north": {"uv": [0, 0, 0, 5], "texture": "#1"},
				"east": {"uv": [0, 0, 8, 2.5], "texture": "#1"},
				"south": {"uv": [0, 0, 0, 5], "texture": "#1"},
				"west": {"uv": [8, 0, 0, 2.5], "texture": "#1"},
				"up": {"uv": [0, 0, 0, 13], "texture": "#1"},
				"down": {"uv": [0, 0, 0, 13], "texture": "#1"}
			}
		},
		{
			"name": "arrow",
			"from": [5, 9.05, 11],
			"to": [10, 14.05, 11],
			"rotation": {"angle": 45, "axis": "z", "origin": [7.75, 11.3, 13.75]},
			"faces": {
				"north": {"uv": [0, 2.5, 2.5, 5], "texture": "#1"},
				"east": {"uv": [0, 0, 8, 2.5], "texture": "#1"},
				"south": {"uv": [0, 2.5, 2.5, 5], "texture": "#1"},
				"west": {"uv": [8, 0, 0, 2.5], "texture": "#1"},
				"up": {"uv": [0, 0, 0, 13], "texture": "#1"},
				"down": {"uv": [0, 0, 0, 13], "texture": "#1"}
			}
		},
		{
			"name": "arrow",
			"from": [5, 11.55, -4],
			"to": [10, 11.55, 12],
			"rotation": {"angle": 45, "axis": "z", "origin": [7.75, 11.3, 6.75]},
			"faces": {
				"north": {"uv": [0, 0, 0, 5], "rotation": 90, "texture": "#1"},
				"east": {"uv": [0, 0, 0, 13], "rotation": 270, "texture": "#1"},
				"south": {"uv": [0, 0, 0, 5], "rotation": 270, "texture": "#1"},
				"west": {"uv": [0, 0, 0, 13], "rotation": 270, "texture": "#1"},
				"up": {"uv": [0, 2.5, 8, 0], "rotation": 270, "texture": "#1"},
				"down": {"uv": [8, 2.5, 0, 0], "rotation": 270, "texture": "#1"}
			}
		}
	],
	"gui_light": "front",
	"display": {
		"thirdperson_righthand": {
			"rotation": [-1.1, -6.77, 2.62],
			"translation": [-1, -5.25, 4.75]
		},
		"thirdperson_lefthand": {
			"rotation": [0.65, -4.79, -175.5],
			"translation": [-1.25, 1.25, 4.75]
		},
		"firstperson_righthand": {
			"rotation": [21.15, 5.61, 1.28],
			"translation": [0.38, 1.95, 1.13],
			"scale": [0.65, 0.65, 0.65]
		},
		"firstperson_lefthand": {
			"rotation": [21.01, 6.15, -178.6],
			"translation": [0.38, 5.95, 2.63],
			"scale": [0.65, 0.65, 0.65]
		},
		"ground": {
			"rotation": [43.56, -7.51, 7.68],
			"translation": [0, 1.75, 0],
			"scale": [0.5, 0.5, 0.5]
		},
		"gui": {
			"rotation": [90, 45, -90],
			"translation": [-2.3603, -2.3603, 0],
			"scale": [0.998, 0.998, 0.998]
		},
		"head": {
			"rotation": [90, 1.2, -90],
			"translation": [-1.75, -4.5, -6.5],
			"scale": [0.5, 0.5, 0.5]
		},
		"fixed": {
			"rotation": [90, -45, 90],
			"translation": [2.25, -2.5, -0.25]
		}
	}
}