{
	"credit": "Made By Shulker",
	"textures": {
		"0": "block/heavy_core"
	},
	"elements": [
		{
			"from": [4.5, 6, 6],
			"to": [5.5, 10, 10],
			"rotation": {"angle": 0, "axis": "y", "origin": [8, 0, 8]},
			"faces": {
				"north": {"uv": [2, 8, 0, 16], "texture": "#0"},
				"east": {"uv": [0, 8, 8, 16], "rotation": 180, "texture": "#0"},
				"south": {"uv": [8, 8, 6, 16], "rotation": 180, "texture": "#0"},
				"west": {"uv": [0, 0, 8, 8], "texture": "#0"},
				"up": {"uv": [0, 8, 2, 16], "texture": "#0"},
				"down": {"uv": [6, 8, 8, 16], "texture": "#0"}
			}
		},
		{
			"from": [7, -2, 7],
			"to": [9, 0, 9],
			"rotation": {"angle": 0, "axis": "y", "origin": [8, 0, 8]},
			"faces": {
				"north": {"uv": [9, 1, 15, 7], "texture": "#0"},
				"east": {"uv": [9, 1, 15, 7], "texture": "#0"},
				"south": {"uv": [9, 1, 15, 7], "texture": "#0"},
				"west": {"uv": [9, 1, 15, 7], "texture": "#0"},
				"up": {"uv": [9, 1, 15, 7], "rotation": 90, "texture": "#0"},
				"down": {"uv": [9, 1, 15, 7], "rotation": 270, "texture": "#0"}
			}
		},
		{
			"from": [7.5, 0, 7.5],
			"to": [8.5, 6, 8.5],
			"rotation": {"angle": 0, "axis": "y", "origin": [8, 0, 8]},
			"faces": {
				"north": {"uv": [0, 8, 2, 16], "texture": "#0"},
				"east": {"uv": [6, 8, 8, 16], "texture": "#0"},
				"south": {"uv": [0, 8, 2, 16], "texture": "#0"},
				"west": {"uv": [6, 8, 8, 16], "texture": "#0"}
			}
		},
		{
			"from": [10.5, 6, 6],
			"to": [11.5, 10, 10],
			"rotation": {"angle": 0, "axis": "y", "origin": [8, 0, 8]},
			"faces": {
				"north": {"uv": [0, 8, 2, 16], "texture": "#0"},
				"east": {"uv": [0, 0, 8, 8], "texture": "#0"},
				"south": {"uv": [2, 16, 0, 8], "texture": "#0"},
				"west": {"uv": [0, 16, 8, 8], "texture": "#0"},
				"up": {"uv": [8, 8, 6, 16], "texture": "#0"},
				"down": {"uv": [8, 8, 6, 16], "texture": "#0"}
			}
		},
		{
			"from": [10, 6.25, 6.25],
			"to": [10.5, 9.75, 9.75],
			"rotation": {"angle": 0, "axis": "y", "origin": [8, 0, 8]},
			"faces": {
				"north": {"uv": [15, 0, 15.5, 7.5], "texture": "#0"},
				"south": {"uv": [8, 0, 8.5, 7.5], "texture": "#0"},
				"up": {"uv": [8, 0, 15.5, 0.5], "rotation": 90, "texture": "#0"},
				"down": {"uv": [8, 7, 15.5, 7.5], "rotation": 270, "texture": "#0"}
			}
		},
		{
			"from": [5.5, 6.25, 6.25],
			"to": [6, 9.75, 9.75],
			"rotation": {"angle": 0, "axis": "y", "origin": [8, 0, 8]},
			"faces": {
				"north": {"uv": [15, 0, 15.5, 7.5], "texture": "#0"},
				"south": {"uv": [8, 0, 8.5, 7.5], "texture": "#0"},
				"up": {"uv": [8, 0, 15.5, 0.5], "rotation": 90, "texture": "#0"},
				"down": {"uv": [8, 7, 15.5, 7.5], "rotation": 270, "texture": "#0"}
			}
		},
		{
			"from": [6, 6, 6],
			"to": [10, 10, 10],
			"rotation": {"angle": 0, "axis": "y", "origin": [8, 0, 8]},
			"faces": {
				"north": {"uv": [0, 0, 8, 8], "texture": "#0"},
				"east": {"uv": [0, 8, 8, 16], "texture": "#0"},
				"south": {"uv": [0, 0, 8, 8], "texture": "#0"},
				"west": {"uv": [0, 8, 8, 16], "texture": "#0"},
				"up": {"uv": [0, 0, 8, 8], "rotation": 90, "texture": "#0"},
				"down": {"uv": [8, 0, 16, 8], "rotation": 270, "texture": "#0"}
			}
		}
	],
	"gui_light": "front",
	"display": {
		"thirdperson_righthand": {
			"rotation": [0, 90, 0],
			"translation": [0, 8, 1.25],
			"scale": [1.2, 1.2, 1.2]
		},
		"thirdperson_lefthand": {
			"rotation": [0, 90, 0],
			"translation": [0, 8, 1.25],
			"scale": [1.2, 1.2, 1.2]
		},
		"firstperson_righthand": {
			"rotation": [0, 90, 22],
			"translation": [0, 6.5, 2]
		},
		"firstperson_lefthand": {
			"rotation": [0, 90, 22],
			"translation": [0, 6.5, 2]
		},
		"ground": {
			"rotation": [0, 0, 45],
			"translation": [-1.75, 4, 0],
			"scale": [0.8, 0.8, 0.8]
		},
		"gui": {
			"rotation": [0, 0, -45],
			"translation": [2.75, 2.75, 0],
			"scale": [1.1, 1.1, 1.1]
		},
		"fixed": {
			"rotation": [0, 0, 45],
			"translation": [-3, 2.75, 0],
			"scale": [1.3, 1.3, 1.3]
		}
	},
	"groups": [
		0,
		{
			"name": "handle",
			"origin": [8, 8, 8.25],
			"color": 0,
			"children": [
				1,
				2,
				3,
				{
					"name": "grip",
					"origin": [8, 8, 8.25],
					"color": 0,
					"children": [4]
				}
			]
		},
		{
			"name": "blade",
			"origin": [6.335, 0, 7],
			"color": 0,
			"children": [5, 6]
		}
	]
}