{
  "entity.lightning_bolt.thunder": {
    "sounds": [
      "ambient/weather/thunder1",
      "ambient/weather/thunder2",
      "ambient/weather/thunder3",
      "ambient/weather/thunder4"
    ],
    "subtitle": "subtitles.entity.lightning_bolt.thunder"
  },
  "weather.rain": {
    "sounds": [
      "ambient/weather/rain1",
      "ambient/weather/rain2",
      "ambient/weather/rain3"
    ],
    "subtitle": "subtitles.weather.rain"
  },
  "weather.rain.above": {
    "sounds": [
      "ambient/weather/rain1",
      "ambient/weather/rain2",
      "ambient/weather/rain3"
    ],
    "subtitle": "subtitles.weather.rain"
  }
}