{
	"credit": "Made with Blockbench",
	"textures": {
		"0": "item/bow",
		"particle": "item/bow"
	},
	"elements": [
		{
			"from": [7.5, 0, 0],
			"to": [8.5, 1, 2],
			"faces": {
				"north": {"uv": [0, 15, 0, 16], "texture": "#0"},
				"east": {"uv": [2, 15, 0, 16], "texture": "#0"},
				"south": {"uv": [1, 15, 2, 16], "texture": "#0"},
				"west": {"uv": [0, 15, 2, 16], "texture": "#0"},
				"up": {"uv": [7, 0, 9, 3], "texture": "#0"},
				"down": {"uv": [0, 15, 2, 16], "rotation": 270, "texture": "#0"}
			}
		},
		{
			"from": [7.5, 1, 0],
			"to": [8.5, 5, 3],
			"faces": {
				"north": {"uv": [0, 11, 1, 15], "texture": "#0"},
				"east": {"uv": [3, 11, 0, 15], "texture": "#0"},
				"south": {"uv": [2, 11, 3, 15], "texture": "#0"},
				"west": {"uv": [0, 11, 3, 15], "texture": "#0"},
				"up": {"uv": [0, 11, 3, 12], "rotation": 90, "texture": "#0"},
				"down": {"uv": [0, 14, 3, 15], "rotation": 270, "texture": "#0"}
			}
		},
		{
			"from": [7.5, 5, 1],
			"to": [8.5, 8, 4],
			"faces": {
				"north": {"uv": [1, 8, 2, 11], "texture": "#0"},
				"east": {"uv": [4, 8, 1, 11], "texture": "#0"},
				"south": {"uv": [3, 8, 4, 11], "texture": "#0"},
				"west": {"uv": [1, 8, 4, 11], "texture": "#0"},
				"up": {"uv": [1, 8, 2, 9], "rotation": 90, "texture": "#0"},
				"down": {"uv": [1, 10, 4, 11], "rotation": 270, "texture": "#0"}
			}
		},
		{
			"from": [7.5, 12, 8],
			"to": [8.5, 15, 11],
			"faces": {
				"north": {"uv": [8, 1, 10, 4], "texture": "#0"},
				"east": {"uv": [11, 1, 8, 4], "texture": "#0"},
				"south": {"uv": [8, 1, 10, 4], "texture": "#0"},
				"west": {"uv": [8, 1, 11, 4], "texture": "#0"},
				"up": {"uv": [8, 1, 11, 2], "rotation": 90, "texture": "#0"},
				"down": {"uv": [8, 3, 11, 4], "rotation": 270, "texture": "#0"}
			}
		},
		{
			"from": [7.5, 11, 6],
			"to": [8.5, 14, 8],
			"faces": {
				"north": {"uv": [6, 2, 7, 5], "texture": "#0"},
				"east": {"uv": [8, 2, 6, 5], "texture": "#0"},
				"south": {"uv": [7, 2, 8, 5], "texture": "#0"},
				"west": {"uv": [6, 2, 8, 5], "texture": "#0"},
				"up": {"uv": [6, 2, 8, 3], "rotation": 90, "texture": "#0"},
				"down": {"uv": [6, 4, 8, 5], "rotation": 270, "texture": "#0"}
			}
		},
		{
			"from": [7.5, 8, 2],
			"to": [8.5, 10, 5],
			"faces": {
				"north": {"uv": [2, 6, 3, 8], "texture": "#0"},
				"east": {"uv": [5, 6, 2, 8], "texture": "#0"},
				"south": {"uv": [4, 6, 5, 8], "texture": "#0"},
				"west": {"uv": [2, 6, 5, 8], "texture": "#0"},
				"up": {"uv": [2, 6, 5, 7], "rotation": 90, "texture": "#0"},
				"down": {"uv": [2, 7, 5, 8], "rotation": 270, "texture": "#0"}
			}
		},
		{
			"from": [7.5, 11, 3],
			"to": [8.5, 12, 4],
			"faces": {
				"north": {"uv": [3, 4, 4, 5], "texture": "#0"},
				"east": {"uv": [4, 4, 3, 5], "texture": "#0"},
				"south": {"uv": [3, 4, 4, 5], "texture": "#0"},
				"west": {"uv": [3, 4, 4, 5], "texture": "#0"},
				"up": {"uv": [3, 4, 4, 5], "rotation": 90, "texture": "#0"},
				"down": {"uv": [3, 4, 4, 5], "texture": "#0"}
			}
		},
		{
			"from": [7.5, 9, 4],
			"to": [8.5, 12, 6],
			"faces": {
				"north": {"uv": [4, 4, 5, 7], "texture": "#0"},
				"east": {"uv": [6, 4, 4, 7], "texture": "#0"},
				"south": {"uv": [5, 4, 6, 7], "texture": "#0"},
				"west": {"uv": [4, 4, 6, 7], "texture": "#0"},
				"up": {"uv": [4, 4, 6, 5], "rotation": 90, "texture": "#0"},
				"down": {"uv": [4, 6, 6, 7], "rotation": 270, "texture": "#0"}
			}
		},
		{
			"from": [7.5, 10, 5],
			"to": [8.5, 13, 7],
			"faces": {
				"north": {"uv": [5, 3, 6, 6], "texture": "#0"},
				"east": {"uv": [7, 3, 5, 6], "texture": "#0"},
				"south": {"uv": [6, 3, 7, 6], "texture": "#0"},
				"west": {"uv": [5, 3, 7, 6], "texture": "#0"},
				"up": {"uv": [5, 3, 7, 4], "rotation": 90, "texture": "#0"},
				"down": {"uv": [5, 5, 7, 6], "rotation": 270, "texture": "#0"}
			}
		},
		{
			"from": [7.5, 8, 3],
			"to": [8.5, 11, 5],
			"faces": {
				"north": {"uv": [3, 5, 4, 8], "texture": "#0"},
				"east": {"uv": [5, 5, 3, 8], "texture": "#0"},
				"south": {"uv": [4, 5, 5, 8], "texture": "#0"},
				"west": {"uv": [3, 5, 5, 8], "texture": "#0"},
				"up": {"uv": [3, 5, 5, 6], "rotation": 90, "texture": "#0"},
				"down": {"uv": [3, 7, 5, 8], "rotation": 270, "texture": "#0"}
			}
		},
		{
			"from": [7.5, 14, 15],
			"to": [8.5, 16, 16],
			"faces": {
				"north": {"uv": [15, 0, 16, 2], "texture": "#0"},
				"east": {"uv": [16, 0, 15, 2], "texture": "#0"},
				"south": {"uv": [15, 0, 16, 2], "texture": "#0"},
				"west": {"uv": [15, 0, 16, 2], "texture": "#0"},
				"up": {"uv": [15, 0, 16, 1], "rotation": 90, "texture": "#0"},
				"down": {"uv": [15, 1, 16, 2], "rotation": 270, "texture": "#0"}
			}
		},
		{
			"from": [7.5, 13, 11],
			"to": [8.5, 16, 15],
			"faces": {
				"north": {"uv": [11, 0, 12, 3], "texture": "#0"},
				"east": {"uv": [15, 0, 11, 3], "texture": "#0"},
				"south": {"uv": [14, 0, 15, 3], "texture": "#0"},
				"west": {"uv": [11, 0, 15, 3], "texture": "#0"},
				"up": {"uv": [11, 0, 15, 1], "rotation": 90, "texture": "#0"},
				"down": {"uv": [11, 2, 15, 3], "rotation": 270, "texture": "#0"}
			}
		},
		{
			"from": [8, 0, 0],
			"to": [8, 16, 16],
			"faces": {
				"north": {"uv": [0, 10, 1, 15], "texture": "#0"},
				"east": {"uv": [16, 0, 0, 16], "texture": "#0"},
				"south": {"uv": [2, 10, 3, 15], "texture": "#0"},
				"west": {"uv": [0, 0, 16, 16], "texture": "#0"},
				"up": {"uv": [0, 10, 3, 11], "rotation": 90, "texture": "#0"},
				"down": {"uv": [0, 14, 3, 15], "texture": "#0"}
			}
		}
	],
	"gui_light": "front",
	"display": {
		"thirdperson_righthand": {
			"rotation": [-43.75, 0, 0],
			"translation": [0, -2, 5]
		},
		"thirdperson_lefthand": {
			"rotation": [-43.75, 0, 0],
			"translation": [0, -2, 4.25]
		},
		"firstperson_righthand": {
			"rotation": [-29.11, 8.53, 7.85],
			"translation": [1.13, 3.45, 1.88],
			"scale": [0.68, 0.68, 0.68]
		},
		"firstperson_lefthand": {
			"rotation": [-29.11, 8.53, 7.85],
			"translation": [1.13, 3.45, 1.88],
			"scale": [0.68, 0.68, 0.68]
		},
		"ground": {
			"translation": [0, 2, 0],
			"scale": [0.5, 0.5, 0.5]
		},
		"gui": {
			"rotation": [0, 90, 0]
		},
		"head": {
			"rotation": [80, 45, -90],
			"translation": [0, -4.5, -6.25],
			"scale": [0.5, 0.5, 0.5]
		},
		"fixed": {
			"rotation": [180, -90, 180],
			"translation": [0, 0, -0.25]
		}
	},
	
    "overrides": [
        {
            "predicate": {
                "pulling": 1
            },
            "model": "item/bow_pulling_0"
        },
        {
            "predicate": {
                "pulling": 1,
                "pull": 0.65
            },
            "model": "item/bow_pulling_1"
        },
        {
            "predicate": {
                "pulling": 1,
                "pull": 0.9
            },
            "model": "item/bow_pulling_2"
        }
    ]
	
}